MS,MH3,Xbbgg+ggbb(fb),Xbbbb(fb),H_to_bb,H_to_tautau,H_to_mumu,H_to_cc,H_to_ss,H_to_tt,H_to_gluglu,H_to_gg,H_to_Zg,H_to_WW,H_to_ZZ,H_to_l+l-l+l-,H_to_l+l-l+l-.1,H_to_e+e-e+e-,H_to_e+e-μ+μ-,H_to_l+l-νlνl,H_to_l+l-νlνl.1,H_to_e+νee-νe,H_to_e+νeμ-νμ,H_to_l+l-qq(q=udcsb),H_to_l+l-qq,H_to_l+νlqq*,H_to_νlνlqq,H_to_qqqq,H_to_ffff,X_to_HY_from_4b(fb),X_to_HY_from_bbgg(fb),X_to_HY(fb)
90,300,1.8512,-1.0,0.81,0.0833,0.000289,0.041,0.000347,0.0,0.0612,0.00122,0.0,0.00207,0.000417,4.89e-06,2.33e-06,7.01e-07,9.3e-07,0.00021,9.12e-05,1.75e-05,2.43e-05,5.87e-05,3.91e-05,0.000303,0.000118,0.00105,0.00237,-1.0,725.7501744591765,725.7501744591765
90,350,1.84507,-1.0,0.81,0.0833,0.000289,0.041,0.000347,0.0,0.0612,0.00122,0.0,0.00207,0.000417,4.89e-06,2.33e-06,7.01e-07,9.3e-07,0.00021,9.12e-05,1.75e-05,2.43e-05,5.87e-05,3.91e-05,0.000303,0.000118,0.00105,0.00237,-1.0,723.3469502967765,723.3469502967765
90,400,1.15918,-1.0,0.81,0.0833,0.000289,0.041,0.000347,0.0,0.0612,0.00122,0.0,0.00207,0.000417,4.89e-06,2.33e-06,7.01e-07,9.3e-07,0.00021,9.12e-05,1.75e-05,2.43e-05,5.87e-05,3.91e-05,0.000303,0.000118,0.00105,0.00237,-1.0,454.44851298054687,454.44851298054687
90,450,0.744575,-1.0,0.81,0.0833,0.000289,0.041,0.000347,0.0,0.0612,0.00122,0.0,0.00207,0.000417,4.89e-06,2.33e-06,7.01e-07,9.3e-07,0.00021,9.12e-05,1.75e-05,2.43e-05,5.87e-05,3.91e-05,0.000303,0.000118,0.00105,0.00237,-1.0,291.90548625104867,291.90548625104867
90,500,0.380508,-1.0,0.81,0.0833,0.000289,0.041,0.000347,0.0,0.0612,0.00122,0.0,0.00207,0.000417,4.89e-06,2.33e-06,7.01e-07,9.3e-07,0.00021,9.12e-05,1.75e-05,2.43e-05,5.87e-05,3.91e-05,0.000303,0.000118,0.00105,0.00237,-1.0,149.17553337462854,149.17553337462854
90,550,0.186895,-1.0,0.81,0.0833,0.000289,0.041,0.000347,0.0,0.0612,0.00122,0.0,0.00207,0.000417,4.89e-06,2.33e-06,7.01e-07,9.3e-07,0.00021,9.12e-05,1.75e-05,2.43e-05,5.87e-05,3.91e-05,0.000303,0.000118,0.00105,0.00237,-1.0,73.27089393666152,73.27089393666152
90,600,0.0778,-1.0,0.81,0.0833,0.000289,0.041,0.000347,0.0,0.0612,0.00122,0.0,0.00207,0.000417,4.89e-06,2.33e-06,7.01e-07,9.3e-07,0.00021,9.12e-05,1.75e-05,2.43e-05,5.87e-05,3.91e-05,0.000303,0.000118,0.00105,0.00237,-1.0,30.500952664716902,30.500952664716902
90,650,0.0423313,-1.0,0.81,0.0833,0.000289,0.041,0.000347,0.0,0.0612,0.00122,0.0,0.00207,0.000417,4.89e-06,2.33e-06,7.01e-07,9.3e-07,0.00021,9.12e-05,1.75e-05,2.43e-05,5.87e-05,3.91e-05,0.000303,0.000118,0.00105,0.00237,-1.0,16.59569379866235,16.59569379866235
90,900,-1.0,0.668048,0.81,0.0833,0.000289,0.041,0.000347,0.0,0.0612,0.00122,0.0,0.00207,0.000417,4.89e-06,2.33e-06,7.01e-07,9.3e-07,0.00021,9.12e-05,1.75e-05,2.43e-05,5.87e-05,3.91e-05,0.000303,0.000118,0.00105,0.00237,0.8247506172839505,-1.0,0.8247506172839505
90,1000,-1.0,0.396002,0.81,0.0833,0.000289,0.041,0.000347,0.0,0.0612,0.00122,0.0,0.00207,0.000417,4.89e-06,2.33e-06,7.01e-07,9.3e-07,0.00021,9.12e-05,1.75e-05,2.43e-05,5.87e-05,3.91e-05,0.000303,0.000118,0.00105,0.00237,0.48889135802469136,-1.0,0.48889135802469136
90,1100,-1.0,0.177559,0.81,0.0833,0.000289,0.041,0.000347,0.0,0.0612,0.00122,0.0,0.00207,0.000417,4.89e-06,2.33e-06,7.01e-07,9.3e-07,0.00021,9.12e-05,1.75e-05,2.43e-05,5.87e-05,3.91e-05,0.000303,0.000118,0.00105,0.00237,0.21920864197530862,-1.0,0.21920864197530862
90,1200,-1.0,0.0947625,0.81,0.0833,0.000289,0.041,0.000347,0.0,0.0612,0.00122,0.0,0.00207,0.000417,4.89e-06,2.33e-06,7.01e-07,9.3e-07,0.00021,9.12e-05,1.75e-05,2.43e-05,5.87e-05,3.91e-05,0.000303,0.000118,0.00105,0.00237,0.11699074074074073,-1.0,0.11699074074074073
90,1300,-1.0,0.0493981,0.81,0.0833,0.000289,0.041,0.000347,0.0,0.0612,0.00122,0.0,0.00207,0.000417,4.89e-06,2.33e-06,7.01e-07,9.3e-07,0.00021,9.12e-05,1.75e-05,2.43e-05,5.87e-05,3.91e-05,0.000303,0.000118,0.00105,0.00237,0.06098530864197531,-1.0,0.06098530864197531
90,1400,-1.0,0.0535888,0.81,0.0833,0.000289,0.041,0.000347,0.0,0.0612,0.00122,0.0,0.00207,0.000417,4.89e-06,2.33e-06,7.01e-07,9.3e-07,0.00021,9.12e-05,1.75e-05,2.43e-05,5.87e-05,3.91e-05,0.000303,0.000118,0.00105,0.00237,0.066159012345679,-1.0,0.066159012345679
90,1500,-1.0,0.0144507,0.81,0.0833,0.000289,0.041,0.000347,0.0,0.0612,0.00122,0.0,0.00207,0.000417,4.89e-06,2.33e-06,7.01e-07,9.3e-07,0.00021,9.12e-05,1.75e-05,2.43e-05,5.87e-05,3.91e-05,0.000303,0.000118,0.00105,0.00237,0.01784037037037037,-1.0,0.01784037037037037
90,1600,-1.0,0.00457468,0.81,0.0833,0.000289,0.041,0.000347,0.0,0.0612,0.00122,0.0,0.00207,0.000417,4.89e-06,2.33e-06,7.01e-07,9.3e-07,0.00021,9.12e-05,1.75e-05,2.43e-05,5.87e-05,3.91e-05,0.000303,0.000118,0.00105,0.00237,0.005647753086419753,-1.0,0.005647753086419753
90,1700,-1.0,0.00258216,0.81,0.0833,0.000289,0.041,0.000347,0.0,0.0612,0.00122,0.0,0.00207,0.000417,4.89e-06,2.33e-06,7.01e-07,9.3e-07,0.00021,9.12e-05,1.75e-05,2.43e-05,5.87e-05,3.91e-05,0.000303,0.000118,0.00105,0.00237,0.003187851851851852,-1.0,0.003187851851851852
100,300,1.61179,-1.0,0.789,0.0828,0.000288,0.0399,0.000337,0.0,0.0737,0.00158,4.93e-05,0.011,0.00112,1.28e-05,6.06e-06,1.78e-06,2.49e-06,0.00114,0.000503,0.000113,0.000129,0.000157,0.000104,0.00161,0.000314,0.00534,0.0118,-1.0,594.6291937518909,594.6291937518909
100,350,1.81198,-1.0,0.789,0.0828,0.000288,0.0399,0.000337,0.0,0.0737,0.00158,4.93e-05,0.011,0.00112,1.28e-05,6.06e-06,1.78e-06,2.49e-06,0.00114,0.000503,0.000113,0.000129,0.000157,0.000104,0.00161,0.000314,0.00534,0.0118,-1.0,668.4842358462026,668.4842358462026
100,400,1.29904,-1.0,0.789,0.0828,0.000288,0.0399,0.000337,0.0,0.0737,0.00158,4.93e-05,0.011,0.00112,1.28e-05,6.06e-06,1.78e-06,2.49e-06,0.00114,0.000503,0.000113,0.000129,0.000157,0.000104,0.00161,0.000314,0.00534,0.0118,-1.0,479.2479838263398,479.2479838263398
100,450,0.695391,-1.0,0.789,0.0828,0.000288,0.0399,0.000337,0.0,0.0737,0.00158,4.93e-05,0.011,0.00112,1.28e-05,6.06e-06,1.78e-06,2.49e-06,0.00114,0.000503,0.000113,0.000129,0.000157,0.000104,0.00161,0.000314,0.00534,0.0118,-1.0,256.54693829364936,256.54693829364936
100,500,0.43674,-1.0,0.789,0.0828,0.000288,0.0399,0.000337,0.0,0.0737,0.00158,4.93e-05,0.011,0.00112,1.28e-05,6.06e-06,1.78e-06,2.49e-06,0.00114,0.000503,0.000113,0.000129,0.000157,0.000104,0.00161,0.000314,0.00534,0.0118,-1.0,161.12418744327783,161.12418744327783
100,550,0.224186,-1.0,0.789,0.0828,0.000288,0.0399,0.000337,0.0,0.0737,0.00158,4.93e-05,0.011,0.00112,1.28e-05,6.06e-06,1.78e-06,2.49e-06,0.00114,0.000503,0.000113,0.000129,0.000157,0.000104,0.00161,0.000314,0.00534,0.0118,-1.0,82.70775996281239,82.70775996281239
100,600,0.121672,-1.0,0.789,0.0828,0.000288,0.0399,0.000337,0.0,0.0737,0.00158,4.93e-05,0.011,0.00112,1.28e-05,6.06e-06,1.78e-06,2.49e-06,0.00114,0.000503,0.000113,0.000129,0.000157,0.000104,0.00161,0.000314,0.00534,0.0118,-1.0,44.88780998900605,44.88780998900605
100,650,0.0575513,-1.0,0.789,0.0828,0.000288,0.0399,0.000337,0.0,0.0737,0.00158,4.93e-05,0.011,0.00112,1.28e-05,6.06e-06,1.78e-06,2.49e-06,0.00114,0.000503,0.000113,0.000129,0.000157,0.000104,0.00161,0.000314,0.00534,0.0118,-1.0,21.232097927380856,21.232097927380856
100,700,0.0240244,-1.0,0.789,0.0828,0.000288,0.0399,0.000337,0.0,0.0737,0.00158,4.93e-05,0.011,0.00112,1.28e-05,6.06e-06,1.78e-06,2.49e-06,0.00114,0.000503,0.000113,0.000129,0.000157,0.000104,0.00161,0.000314,0.00534,0.0118,-1.0,8.863195330888594,8.863195330888594
100,750,0.0140379,-1.0,0.789,0.0828,0.000288,0.0399,0.000337,0.0,0.0737,0.00158,4.93e-05,0.011,0.00112,1.28e-05,6.06e-06,1.78e-06,2.49e-06,0.00114,0.000503,0.000113,0.000129,0.000157,0.000104,0.00161,0.000314,0.00534,0.0118,-1.0,5.178928495008449,5.178928495008449
100,900,-1.0,0.823062,0.789,0.0828,0.000288,0.0399,0.000337,0.0,0.0737,0.00158,4.93e-05,0.011,0.00112,1.28e-05,6.06e-06,1.78e-06,2.49e-06,0.00114,0.000503,0.000113,0.000129,0.000157,0.000104,0.00161,0.000314,0.00534,0.0118,1.0431711026615968,-1.0,1.0431711026615968
100,1000,-1.0,0.365865,0.789,0.0828,0.000288,0.0399,0.000337,0.0,0.0737,0.00158,4.93e-05,0.011,0.00112,1.28e-05,6.06e-06,1.78e-06,2.49e-06,0.00114,0.000503,0.000113,0.000129,0.000157,0.000104,0.00161,0.000314,0.00534,0.0118,0.4637072243346007,-1.0,0.4637072243346007
100,1100,-1.0,0.204596,0.789,0.0828,0.000288,0.0399,0.000337,0.0,0.0737,0.00158,4.93e-05,0.011,0.00112,1.28e-05,6.06e-06,1.78e-06,2.49e-06,0.00114,0.000503,0.000113,0.000129,0.000157,0.000104,0.00161,0.000314,0.00534,0.0118,0.2593105196451204,-1.0,0.2593105196451204
100,1200,-1.0,0.0873303,0.789,0.0828,0.000288,0.0399,0.000337,0.0,0.0737,0.00158,4.93e-05,0.011,0.00112,1.28e-05,6.06e-06,1.78e-06,2.49e-06,0.00114,0.000503,0.000113,0.000129,0.000157,0.000104,0.00161,0.000314,0.00534,0.0118,0.11068479087452471,-1.0,0.11068479087452471
100,1300,-1.0,0.0520089,0.789,0.0828,0.000288,0.0399,0.000337,0.0,0.0737,0.00158,4.93e-05,0.011,0.00112,1.28e-05,6.06e-06,1.78e-06,2.49e-06,0.00114,0.000503,0.000113,0.000129,0.000157,0.000104,0.00161,0.000314,0.00534,0.0118,0.06591749049429657,-1.0,0.06591749049429657
100,1400,-1.0,0.0273502,0.789,0.0828,0.000288,0.0399,0.000337,0.0,0.0737,0.00158,4.93e-05,0.011,0.00112,1.28e-05,6.06e-06,1.78e-06,2.49e-06,0.00114,0.000503,0.000113,0.000129,0.000157,0.000104,0.00161,0.000314,0.00534,0.0118,0.03466438529784537,-1.0,0.03466438529784537
100,1500,-1.0,0.0156208,0.789,0.0828,0.000288,0.0399,0.000337,0.0,0.0737,0.00158,4.93e-05,0.011,0.00112,1.28e-05,6.06e-06,1.78e-06,2.49e-06,0.00114,0.000503,0.000113,0.000129,0.000157,0.000104,0.00161,0.000314,0.00534,0.0118,0.019798225602027885,-1.0,0.019798225602027885
100,1600,-1.0,0.00664009,0.789,0.0828,0.000288,0.0399,0.000337,0.0,0.0737,0.00158,4.93e-05,0.011,0.00112,1.28e-05,6.06e-06,1.78e-06,2.49e-06,0.00114,0.000503,0.000113,0.000129,0.000157,0.000104,0.00161,0.000314,0.00534,0.0118,0.008415830164765527,-1.0,0.008415830164765527
110,300,2.01297,-1.0,0.744,0.0795,0.000276,0.0376,0.000318,0.0,0.0844,0.00195,0.000391,0.0477,0.00434,4.72e-05,2.18e-05,6.04e-06,9.69e-06,0.00508,0.00226,0.000532,0.000561,0.000606,0.000404,0.00699,0.00121,0.0234,0.0515,-1.0,713.4472455847485,713.4472455847485
110,350,2.01297,-1.0,0.744,0.0795,0.000276,0.0376,0.000318,0.0,0.0844,0.00195,0.000391,0.0477,0.00434,4.72e-05,2.18e-05,6.04e-06,9.69e-06,0.00508,0.00226,0.000532,0.000561,0.000606,0.000404,0.00699,0.00121,0.0234,0.0515,-1.0,713.4472455847485,713.4472455847485
110,400,1.70154,-1.0,0.744,0.0795,0.000276,0.0376,0.000318,0.0,0.0844,0.00195,0.000391,0.0477,0.00434,4.72e-05,2.18e-05,6.04e-06,9.69e-06,0.00508,0.00226,0.000532,0.000561,0.000606,0.000404,0.00699,0.00121,0.0234,0.0515,-1.0,603.0686131697308,603.0686131697308
110,450,0.745544,-1.0,0.744,0.0795,0.000276,0.0376,0.000318,0.0,0.0844,0.00195,0.000391,0.0477,0.00434,4.72e-05,2.18e-05,6.04e-06,9.69e-06,0.00508,0.00226,0.000532,0.000561,0.000606,0.000404,0.00699,0.00121,0.0234,0.0515,-1.0,264.2395630646436,264.2395630646436
110,500,0.492427,-1.0,0.744,0.0795,0.000276,0.0376,0.000318,0.0,0.0844,0.00195,0.000391,0.0477,0.00434,4.72e-05,2.18e-05,6.04e-06,9.69e-06,0.00508,0.00226,0.000532,0.000561,0.000606,0.000404,0.00699,0.00121,0.0234,0.0515,-1.0,174.52852591025248,174.52852591025248
110,550,0.257702,-1.0,0.744,0.0795,0.000276,0.0376,0.000318,0.0,0.0844,0.00195,0.000391,0.0477,0.00434,4.72e-05,2.18e-05,6.04e-06,9.69e-06,0.00508,0.00226,0.000532,0.000561,0.000606,0.000404,0.00699,0.00121,0.0234,0.0515,-1.0,91.33607658419194,91.33607658419194
110,600,0.0829236,-1.0,0.744,0.0795,0.000276,0.0376,0.000318,0.0,0.0844,0.00195,0.000391,0.0477,0.00434,4.72e-05,2.18e-05,6.04e-06,9.69e-06,0.00508,0.00226,0.000532,0.000561,0.000606,0.000404,0.00699,0.00121,0.0234,0.0515,-1.0,29.390211485502242,29.390211485502242
110,650,0.0495456,-1.0,0.744,0.0795,0.000276,0.0376,0.000318,0.0,0.0844,0.00195,0.000391,0.0477,0.00434,4.72e-05,2.18e-05,6.04e-06,9.69e-06,0.00508,0.00226,0.000532,0.000561,0.000606,0.000404,0.00699,0.00121,0.0234,0.0515,-1.0,17.560207976693004,17.560207976693004
110,700,0.0219277,-1.0,0.744,0.0795,0.000276,0.0376,0.000318,0.0,0.0844,0.00195,0.000391,0.0477,0.00434,4.72e-05,2.18e-05,6.04e-06,9.69e-06,0.00508,0.00226,0.000532,0.000561,0.000606,0.000404,0.00699,0.00121,0.0234,0.0515,-1.0,7.77172892144875,7.77172892144875
110,900,-1.0,0.639898,0.744,0.0795,0.000276,0.0376,0.000318,0.0,0.0844,0.00195,0.000391,0.0477,0.00434,4.72e-05,2.18e-05,6.04e-06,9.69e-06,0.00508,0.00226,0.000532,0.000561,0.000606,0.000404,0.00699,0.00121,0.0234,0.0515,0.8600779569892473,-1.0,0.8600779569892473
110,900,-1.0,6.98644,0.744,0.0795,0.000276,0.0376,0.000318,0.0,0.0844,0.00195,0.000391,0.0477,0.00434,4.72e-05,2.18e-05,6.04e-06,9.69e-06,0.00508,0.00226,0.000532,0.000561,0.000606,0.000404,0.00699,0.00121,0.0234,0.0515,9.390376344086022,-1.0,9.390376344086022
110,1000,-1.0,0.338456,0.744,0.0795,0.000276,0.0376,0.000318,0.0,0.0844,0.00195,0.000391,0.0477,0.00434,4.72e-05,2.18e-05,6.04e-06,9.69e-06,0.00508,0.00226,0.000532,0.000561,0.000606,0.000404,0.00699,0.00121,0.0234,0.0515,0.4549139784946236,-1.0,0.4549139784946236
110,1100,-1.0,0.161926,0.744,0.0795,0.000276,0.0376,0.000318,0.0,0.0844,0.00195,0.000391,0.0477,0.00434,4.72e-05,2.18e-05,6.04e-06,9.69e-06,0.00508,0.00226,0.000532,0.000561,0.000606,0.000404,0.00699,0.00121,0.0234,0.0515,0.21764247311827956,-1.0,0.21764247311827956
110,1100,-1.0,1.87573,0.744,0.0795,0.000276,0.0376,0.000318,0.0,0.0844,0.00195,0.000391,0.0477,0.00434,4.72e-05,2.18e-05,6.04e-06,9.69e-06,0.00508,0.00226,0.000532,0.000561,0.000606,0.000404,0.00699,0.00121,0.0234,0.0515,2.5211424731182794,-1.0,2.5211424731182794
110,1200,-1.0,0.0689511,0.744,0.0795,0.000276,0.0376,0.000318,0.0,0.0844,0.00195,0.000391,0.0477,0.00434,4.72e-05,2.18e-05,6.04e-06,9.69e-06,0.00508,0.00226,0.000532,0.000561,0.000606,0.000404,0.00699,0.00121,0.0234,0.0515,0.09267620967741935,-1.0,0.09267620967741935
110,1300,-1.0,0.597424,0.744,0.0795,0.000276,0.0376,0.000318,0.0,0.0844,0.00195,0.000391,0.0477,0.00434,4.72e-05,2.18e-05,6.04e-06,9.69e-06,0.00508,0.00226,0.000532,0.000561,0.000606,0.000404,0.00699,0.00121,0.0234,0.0515,0.8029892473118279,-1.0,0.8029892473118279
110,1400,-1.0,0.0120007,0.744,0.0795,0.000276,0.0376,0.000318,0.0,0.0844,0.00195,0.000391,0.0477,0.00434,4.72e-05,2.18e-05,6.04e-06,9.69e-06,0.00508,0.00226,0.000532,0.000561,0.000606,0.000404,0.00699,0.00121,0.0234,0.0515,0.01612997311827957,-1.0,0.01612997311827957
110,1400,-1.0,0.34961,0.744,0.0795,0.000276,0.0376,0.000318,0.0,0.0844,0.00195,0.000391,0.0477,0.00434,4.72e-05,2.18e-05,6.04e-06,9.69e-06,0.00508,0.00226,0.000532,0.000561,0.000606,0.000404,0.00699,0.00121,0.0234,0.0515,0.46990591397849457,-1.0,0.46990591397849457
110,1500,-1.0,0.0109522,0.744,0.0795,0.000276,0.0376,0.000318,0.0,0.0844,0.00195,0.000391,0.0477,0.00434,4.72e-05,2.18e-05,6.04e-06,9.69e-06,0.00508,0.00226,0.000532,0.000561,0.000606,0.000404,0.00699,0.00121,0.0234,0.0515,0.014720698924731183,-1.0,0.014720698924731183
110,1500,-1.0,0.201052,0.744,0.0795,0.000276,0.0376,0.000318,0.0,0.0844,0.00195,0.000391,0.0477,0.00434,4.72e-05,2.18e-05,6.04e-06,9.69e-06,0.00508,0.00226,0.000532,0.000561,0.000606,0.000404,0.00699,0.00121,0.0234,0.0515,0.27023118279569897,-1.0,0.27023118279569897
110,1600,-1.0,0.00853901,0.744,0.0795,0.000276,0.0376,0.000318,0.0,0.0844,0.00195,0.000391,0.0477,0.00434,4.72e-05,2.18e-05,6.04e-06,9.69e-06,0.00508,0.00226,0.000532,0.000561,0.000606,0.000404,0.00699,0.00121,0.0234,0.0515,0.011477163978494622,-1.0,0.011477163978494622
110,1600,-1.0,0.121019,0.744,0.0795,0.000276,0.0376,0.000318,0.0,0.0844,0.00195,0.000391,0.0477,0.00434,4.72e-05,2.18e-05,6.04e-06,9.69e-06,0.00508,0.00226,0.000532,0.000561,0.000606,0.000404,0.00699,0.00121,0.0234,0.0515,0.16265994623655913,-1.0,0.16265994623655913
120,300,1.14898,-1.0,0.648,0.0704,0.000244,0.0327,0.000276,0.0,0.0882,0.00223,0.00111,0.141,0.0159,0.000167,7.59e-05,2.01e-05,3.56e-05,0.0153,0.00689,0.00164,0.00166,0.00222,0.00148,0.0207,0.00444,0.0713,0.156,-1.0,415.672087260098,415.672087260098
120,300,2.18306,-1.0,0.648,0.0704,0.000244,0.0327,0.000276,0.0,0.0882,0.00223,0.00111,0.141,0.0159,0.000167,7.59e-05,2.01e-05,3.56e-05,0.0153,0.00689,0.00164,0.00166,0.00222,0.00148,0.0207,0.00444,0.0713,0.156,-1.0,789.7762422444512,789.7762422444512
120,350,1.39413,-1.0,0.648,0.0704,0.000244,0.0327,0.000276,0.0,0.0882,0.00223,0.00111,0.141,0.0159,0.000167,7.59e-05,2.01e-05,3.56e-05,0.0153,0.00689,0.00164,0.00166,0.00222,0.00148,0.0207,0.00444,0.0713,0.156,-1.0,504.361196027712,504.361196027712
120,350,2.2354,-1.0,0.648,0.0704,0.000244,0.0327,0.000276,0.0,0.0882,0.00223,0.00111,0.141,0.0159,0.000167,7.59e-05,2.01e-05,3.56e-05,0.0153,0.00689,0.00164,0.00166,0.00222,0.00148,0.0207,0.00444,0.0713,0.156,-1.0,808.7115388093989,808.7115388093989
120,400,1.09483,-1.0,0.648,0.0704,0.000244,0.0327,0.000276,0.0,0.0882,0.00223,0.00111,0.141,0.0159,0.000167,7.59e-05,2.01e-05,3.56e-05,0.0153,0.00689,0.00164,0.00166,0.00222,0.00148,0.0207,0.00444,0.0713,0.156,-1.0,396.08197818497547,396.08197818497547
120,400,1.87243,-1.0,0.648,0.0704,0.000244,0.0327,0.000276,0.0,0.0882,0.00223,0.00111,0.141,0.0159,0.000167,7.59e-05,2.01e-05,3.56e-05,0.0153,0.00689,0.00164,0.00166,0.00222,0.00148,0.0207,0.00444,0.0713,0.156,-1.0,677.3981151529404,677.3981151529404
120,450,0.718058,-1.0,0.648,0.0704,0.000244,0.0327,0.000276,0.0,0.0882,0.00223,0.00111,0.141,0.0159,0.000167,7.59e-05,2.01e-05,3.56e-05,0.0153,0.00689,0.00164,0.00166,0.00222,0.00148,0.0207,0.00444,0.0713,0.156,-1.0,259.77533780728254,259.77533780728254
120,450,1.22448,-1.0,0.648,0.0704,0.000244,0.0327,0.000276,0.0,0.0882,0.00223,0.00111,0.141,0.0159,0.000167,7.59e-05,2.01e-05,3.56e-05,0.0153,0.00689,0.00164,0.00166,0.00222,0.00148,0.0207,0.00444,0.0713,0.156,-1.0,442.98608975634465,442.98608975634465
120,500,0.310358,-1.0,0.648,0.0704,0.000244,0.0327,0.000276,0.0,0.0882,0.00223,0.00111,0.141,0.0159,0.000167,7.59e-05,2.01e-05,3.56e-05,0.0153,0.00689,0.00164,0.00166,0.00222,0.00148,0.0207,0.00444,0.0713,0.156,-1.0,112.27972432755098,112.27972432755098
120,500,0.809138,-1.0,0.648,0.0704,0.000244,0.0327,0.000276,0.0,0.0882,0.00223,0.00111,0.141,0.0159,0.000167,7.59e-05,2.01e-05,3.56e-05,0.0153,0.00689,0.00164,0.00166,0.00222,0.00148,0.0207,0.00444,0.0713,0.156,-1.0,292.7257927391784,292.7257927391784
120,550,0.322556,-1.0,0.648,0.0704,0.000244,0.0327,0.000276,0.0,0.0882,0.00223,0.00111,0.141,0.0159,0.000167,7.59e-05,2.01e-05,3.56e-05,0.0153,0.00689,0.00164,0.00166,0.00222,0.00148,0.0207,0.00444,0.0713,0.156,-1.0,116.69265416131542,116.69265416131542
120,550,0.533995,-1.0,0.648,0.0704,0.000244,0.0327,0.000276,0.0,0.0882,0.00223,0.00111,0.141,0.0159,0.000167,7.59e-05,2.01e-05,3.56e-05,0.0153,0.00689,0.00164,0.00166,0.00222,0.00148,0.0207,0.00444,0.0713,0.156,-1.0,193.18597037063836,193.18597037063836
120,600,0.0921433,-1.0,0.648,0.0704,0.000244,0.0327,0.000276,0.0,0.0882,0.00223,0.00111,0.141,0.0159,0.000167,7.59e-05,2.01e-05,3.56e-05,0.0153,0.00689,0.00164,0.00166,0.00222,0.00148,0.0207,0.00444,0.0713,0.156,-1.0,33.33513014850858,33.33513014850858
120,600,0.294881,-1.0,0.648,0.0704,0.000244,0.0327,0.000276,0.0,0.0882,0.00223,0.00111,0.141,0.0159,0.000167,7.59e-05,2.01e-05,3.56e-05,0.0153,0.00689,0.00164,0.00166,0.00222,0.00148,0.0207,0.00444,0.0713,0.156,-1.0,106.68053470325417,106.68053470325417
120,650,0.0926936,-1.0,0.648,0.0704,0.000244,0.0327,0.000276,0.0,0.0882,0.00223,0.00111,0.141,0.0159,0.000167,7.59e-05,2.01e-05,3.56e-05,0.0153,0.00689,0.00164,0.00166,0.00222,0.00148,0.0207,0.00444,0.0713,0.156,-1.0,33.53421485809381,33.53421485809381
120,650,0.224522,-1.0,0.648,0.0704,0.000244,0.0327,0.000276,0.0,0.0882,0.00223,0.00111,0.141,0.0159,0.000167,7.59e-05,2.01e-05,3.56e-05,0.0153,0.00689,0.00164,0.00166,0.00222,0.00148,0.0207,0.00444,0.0713,0.156,-1.0,81.22641680082485,81.22641680082485
120,700,0.0394737,-1.0,0.648,0.0704,0.000244,0.0327,0.000276,0.0,0.0882,0.00223,0.00111,0.141,0.0159,0.000167,7.59e-05,2.01e-05,3.56e-05,0.0153,0.00689,0.00164,0.00166,0.00222,0.00148,0.0207,0.00444,0.0713,0.156,-1.0,14.280592587232965,14.280592587232965
120,750,0.0184148,-1.0,0.648,0.0704,0.000244,0.0327,0.000276,0.0,0.0882,0.00223,0.00111,0.141,0.0159,0.000167,7.59e-05,2.01e-05,3.56e-05,0.0153,0.00689,0.00164,0.00166,0.00222,0.00148,0.0207,0.00444,0.0713,0.156,-1.0,6.662011830038167,6.662011830038167
120,750,0.123627,-1.0,0.648,0.0704,0.000244,0.0327,0.000276,0.0,0.0882,0.00223,0.00111,0.141,0.0159,0.000167,7.59e-05,2.01e-05,3.56e-05,0.0153,0.00689,0.00164,0.00166,0.00222,0.00148,0.0207,0.00444,0.0713,0.156,-1.0,44.725141544416914,44.725141544416914
120,800,0.0157516,-1.0,0.648,0.0704,0.000244,0.0327,0.000276,0.0,0.0882,0.00223,0.00111,0.141,0.0159,0.000167,7.59e-05,2.01e-05,3.56e-05,0.0153,0.00689,0.00164,0.00166,0.00222,0.00148,0.0207,0.00444,0.0713,0.156,-1.0,5.6985330029122885,5.6985330029122885
120,800,0.0820737,-1.0,0.648,0.0704,0.000244,0.0327,0.000276,0.0,0.0882,0.00223,0.00111,0.141,0.0159,0.000167,7.59e-05,2.01e-05,3.56e-05,0.0153,0.00689,0.00164,0.00166,0.00222,0.00148,0.0207,0.00444,0.0713,0.156,-1.0,29.69220194273104,29.69220194273104
120,850,0.00929248,-1.0,0.648,0.0704,0.000244,0.0327,0.000276,0.0,0.0882,0.00223,0.00111,0.141,0.0159,0.000167,7.59e-05,2.01e-05,3.56e-05,0.0153,0.00689,0.00164,0.00166,0.00222,0.00148,0.0207,0.00444,0.0713,0.156,-1.0,3.36178572074598,3.36178572074598
120,850,0.0590953,-1.0,0.648,0.0704,0.000244,0.0327,0.000276,0.0,0.0882,0.00223,0.00111,0.141,0.0159,0.000167,7.59e-05,2.01e-05,3.56e-05,0.0153,0.00689,0.00164,0.00166,0.00222,0.00148,0.0207,0.00444,0.0713,0.156,-1.0,21.37919432737008,21.37919432737008
120,900,0.04167,-1.0,0.648,0.0704,0.000244,0.0327,0.000276,0.0,0.0882,0.00223,0.00111,0.141,0.0159,0.000167,7.59e-05,2.01e-05,3.56e-05,0.0153,0.00689,0.00164,0.00166,0.00222,0.00148,0.0207,0.00444,0.0713,0.156,-1.0,15.075158728723116,15.075158728723116
120,1000,0.0206692,-1.0,0.648,0.0704,0.000244,0.0327,0.000276,0.0,0.0882,0.00223,0.00111,0.141,0.0159,0.000167,7.59e-05,2.01e-05,3.56e-05,0.0153,0.00689,0.00164,0.00166,0.00222,0.00148,0.0207,0.00444,0.0713,0.156,-1.0,7.477597091330065,7.477597091330065
125,300,1.79269,-1.0,0.577,0.0632,0.000219,0.0291,0.000246,0.0,0.0857,0.00228,0.00154,0.215,0.0264,0.000276,0.000125,3.27e-05,5.93e-05,0.0234,0.0106,0.00252,0.00252,0.0037,0.00247,0.0314,0.00738,0.11,0.24,-1.0,681.3410258749126,681.3410258749126
125,350,1.82258,-1.0,0.577,0.0632,0.000219,0.0291,0.000246,0.0,0.0857,0.00228,0.00154,0.215,0.0264,0.000276,0.000125,3.27e-05,5.93e-05,0.0234,0.0106,0.00252,0.00252,0.0037,0.00247,0.0314,0.00738,0.11,0.24,-1.0,692.7012070905166,692.7012070905166
125,400,1.63905,-1.0,0.577,0.0632,0.000219,0.0291,0.000246,0.0,0.0857,0.00228,0.00154,0.215,0.0264,0.000276,0.000125,3.27e-05,5.93e-05,0.0234,0.0106,0.00252,0.00252,0.0037,0.00247,0.0314,0.00738,0.11,0.24,-1.0,622.9476420687768,622.9476420687768
125,450,1.14944,-1.0,0.577,0.0632,0.000219,0.0291,0.000246,0.0,0.0857,0.00228,0.00154,0.215,0.0264,0.000276,0.000125,3.27e-05,5.93e-05,0.0234,0.0106,0.00252,0.00252,0.0037,0.00247,0.0314,0.00738,0.11,0.24,-1.0,436.8633889750373,436.8633889750373
125,500,0.963131,-1.0,0.577,0.0632,0.000219,0.0291,0.000246,0.0,0.0857,0.00228,0.00154,0.215,0.0264,0.000276,0.000125,3.27e-05,5.93e-05,0.0234,0.0106,0.00252,0.00252,0.0037,0.00247,0.0314,0.00738,0.11,0.24,-1.0,366.05361975128466,366.05361975128466
125,550,0.626192,-1.0,0.577,0.0632,0.000219,0.0291,0.000246,0.0,0.0857,0.00228,0.00154,0.215,0.0264,0.000276,0.000125,3.27e-05,5.93e-05,0.0234,0.0106,0.00252,0.00252,0.0037,0.00247,0.0314,0.00738,0.11,0.24,-1.0,237.99446623491139,237.99446623491139
125,600,0.317463,-1.0,0.577,0.0632,0.000219,0.0291,0.000246,0.0,0.0857,0.00228,0.00154,0.215,0.0264,0.000276,0.000125,3.27e-05,5.93e-05,0.0234,0.0106,0.00252,0.00252,0.0037,0.00247,0.0314,0.00738,0.11,0.24,-1.0,120.65698257776157,120.65698257776157
125,650,0.215023,-1.0,0.577,0.0632,0.000219,0.0291,0.000246,0.0,0.0857,0.00228,0.00154,0.215,0.0264,0.000276,0.000125,3.27e-05,5.93e-05,0.0234,0.0106,0.00252,0.00252,0.0037,0.00247,0.0314,0.00738,0.11,0.24,-1.0,81.72299248989025,81.72299248989025
125,700,0.145824,-1.0,0.577,0.0632,0.000219,0.0291,0.000246,0.0,0.0857,0.00228,0.00154,0.215,0.0264,0.000276,0.000125,3.27e-05,5.93e-05,0.0234,0.0106,0.00252,0.00252,0.0037,0.00247,0.0314,0.00738,0.11,0.24,-1.0,55.42278573383199,55.42278573383199
125,750,0.104312,-1.0,0.577,0.0632,0.000219,0.0291,0.000246,0.0,0.0857,0.00228,0.00154,0.215,0.0264,0.000276,0.000125,3.27e-05,5.93e-05,0.0234,0.0106,0.00252,0.00252,0.0037,0.00247,0.0314,0.00738,0.11,0.24,-1.0,39.64547417069537,39.64547417069537
125,800,0.0706228,-1.0,0.577,0.0632,0.000219,0.0291,0.000246,0.0,0.0857,0.00228,0.00154,0.215,0.0264,0.000276,0.000125,3.27e-05,5.93e-05,0.0234,0.0106,0.00252,0.00252,0.0037,0.00247,0.0314,0.00738,0.11,0.24,-1.0,26.841345130590778,26.841345130590778
125,850,0.0586094,-1.0,0.577,0.0632,0.000219,0.0291,0.000246,0.0,0.0857,0.00228,0.00154,0.215,0.0264,0.000276,0.000125,3.27e-05,5.93e-05,0.0234,0.0106,0.00252,0.00252,0.0037,0.00247,0.0314,0.00738,0.11,0.24,-1.0,22.27545683967284,22.27545683967284
125,900,0.0422258,4.55644,0.577,0.0632,0.000219,0.0291,0.000246,0.0,0.0857,0.00228,0.00154,0.215,0.0264,0.000276,0.000125,3.27e-05,5.93e-05,0.0234,0.0106,0.00252,0.00252,0.0037,0.00247,0.0314,0.00738,0.11,0.24,7.89677642980936,16.048602876341636,7.89677642980936
125,1000,0.0216593,2.2606,0.577,0.0632,0.000219,0.0291,0.000246,0.0,0.0857,0.00228,0.00154,0.215,0.0264,0.000276,0.000125,3.27e-05,5.93e-05,0.0234,0.0106,0.00252,0.00252,0.0037,0.00247,0.0314,0.00738,0.11,0.24,3.9178509532062398,8.231969655507921,3.9178509532062398
125,1100,-1.0,1.27654,0.577,0.0632,0.000219,0.0291,0.000246,0.0,0.0857,0.00228,0.00154,0.215,0.0264,0.000276,0.000125,3.27e-05,5.93e-05,0.0234,0.0106,0.00252,0.00252,0.0037,0.00247,0.0314,0.00738,0.11,0.24,2.2123743500866553,-1.0,2.2123743500866553
125,1200,-1.0,0.704206,0.577,0.0632,0.000219,0.0291,0.000246,0.0,0.0857,0.00228,0.00154,0.215,0.0264,0.000276,0.000125,3.27e-05,5.93e-05,0.0234,0.0106,0.00252,0.00252,0.0037,0.00247,0.0314,0.00738,0.11,0.24,1.2204610051993068,-1.0,1.2204610051993068
125,1300,-1.0,0.439341,0.577,0.0632,0.000219,0.0291,0.000246,0.0,0.0857,0.00228,0.00154,0.215,0.0264,0.000276,0.000125,3.27e-05,5.93e-05,0.0234,0.0106,0.00252,0.00252,0.0037,0.00247,0.0314,0.00738,0.11,0.24,0.7614228769497401,-1.0,0.7614228769497401
125,1400,-1.0,0.224335,0.577,0.0632,0.000219,0.0291,0.000246,0.0,0.0857,0.00228,0.00154,0.215,0.0264,0.000276,0.000125,3.27e-05,5.93e-05,0.0234,0.0106,0.00252,0.00252,0.0037,0.00247,0.0314,0.00738,0.11,0.24,0.38879549393414214,-1.0,0.38879549393414214
125,1500,-1.0,0.134284,0.577,0.0632,0.000219,0.0291,0.000246,0.0,0.0857,0.00228,0.00154,0.215,0.0264,0.000276,0.000125,3.27e-05,5.93e-05,0.0234,0.0106,0.00252,0.00252,0.0037,0.00247,0.0314,0.00738,0.11,0.24,0.23272790294627382,-1.0,0.23272790294627382
125,1600,-1.0,0.0819296,0.577,0.0632,0.000219,0.0291,0.000246,0.0,0.0857,0.00228,0.00154,0.215,0.0264,0.000276,0.000125,3.27e-05,5.93e-05,0.0234,0.0106,0.00252,0.00252,0.0037,0.00247,0.0314,0.00738,0.11,0.24,0.1419923743500867,-1.0,0.1419923743500867
130,300,1.52928,-1.0,0.494,0.0545,0.000189,0.0249,0.000211,0.0,0.0797,0.00224,0.00195,0.303,0.0398,0.000414,0.000187,4.85e-05,8.96e-05,0.0332,0.015,0.0036,0.00356,0.00559,0.00372,0.0443,0.0111,0.156,0.341,-1.0,632.2473954026791,632.2473954026791
130,300,1.01707,-1.0,0.494,0.0545,0.000189,0.0249,0.000211,0.0,0.0797,0.00224,0.00195,0.303,0.0398,0.000414,0.000187,4.85e-05,8.96e-05,0.0332,0.015,0.0036,0.00356,0.00559,0.00372,0.0443,0.0111,0.156,0.341,-1.0,420.48536464362496,420.48536464362496
130,350,1.60335,-1.0,0.494,0.0545,0.000189,0.0249,0.000211,0.0,0.0797,0.00224,0.00195,0.303,0.0398,0.000414,0.000187,4.85e-05,8.96e-05,0.0332,0.015,0.0036,0.00356,0.00559,0.00372,0.0443,0.0111,0.156,0.341,-1.0,662.8700181908386,662.8700181908386
130,350,1.10989,-1.0,0.494,0.0545,0.000189,0.0249,0.000211,0.0,0.0797,0.00224,0.00195,0.303,0.0398,0.000414,0.000187,4.85e-05,8.96e-05,0.0332,0.015,0.0036,0.00356,0.00559,0.00372,0.0443,0.0111,0.156,0.341,-1.0,458.85976517281307,458.85976517281307
130,400,1.43106,-1.0,0.494,0.0545,0.000189,0.0249,0.000211,0.0,0.0797,0.00224,0.00195,0.303,0.0398,0.000414,0.000187,4.85e-05,8.96e-05,0.0332,0.015,0.0036,0.00356,0.00559,0.00372,0.0443,0.0111,0.156,0.341,-1.0,591.6404828840748,591.6404828840748
130,400,0.823665,-1.0,0.494,0.0545,0.000189,0.0249,0.000211,0.0,0.0797,0.00224,0.00195,0.303,0.0398,0.000414,0.000187,4.85e-05,8.96e-05,0.0332,0.015,0.0036,0.00356,0.00559,0.00372,0.0443,0.0111,0.156,0.341,-1.0,340.52629403009763,340.52629403009763
130,450,1.24159,-1.0,0.494,0.0545,0.000189,0.0249,0.000211,0.0,0.0797,0.00224,0.00195,0.303,0.0398,0.000414,0.000187,4.85e-05,8.96e-05,0.0332,0.015,0.0036,0.00356,0.00559,0.00372,0.0443,0.0111,0.156,0.341,-1.0,513.308252025798,513.308252025798
130,450,0.974172,-1.0,0.494,0.0545,0.000189,0.0249,0.000211,0.0,0.0797,0.00224,0.00195,0.303,0.0398,0.000414,0.000187,4.85e-05,8.96e-05,0.0332,0.015,0.0036,0.00356,0.00559,0.00372,0.0443,0.0111,0.156,0.341,-1.0,402.75012402844396,402.75012402844396
130,500,0.68401,-1.0,0.494,0.0545,0.000189,0.0249,0.000211,0.0,0.0797,0.00224,0.00195,0.303,0.0398,0.000414,0.000187,4.85e-05,8.96e-05,0.0332,0.015,0.0036,0.00356,0.00559,0.00372,0.0443,0.0111,0.156,0.341,-1.0,282.7889862741856,282.7889862741856
130,500,0.561103,-1.0,0.494,0.0545,0.000189,0.0249,0.000211,0.0,0.0797,0.00224,0.00195,0.303,0.0398,0.000414,0.000187,4.85e-05,8.96e-05,0.0332,0.015,0.0036,0.00356,0.00559,0.00372,0.0443,0.0111,0.156,0.341,-1.0,231.9757731106334,231.9757731106334
130,550,0.457962,-1.0,0.494,0.0545,0.000189,0.0249,0.000211,0.0,0.0797,0.00224,0.00195,0.303,0.0398,0.000414,0.000187,4.85e-05,8.96e-05,0.0332,0.015,0.0036,0.00356,0.00559,0.00372,0.0443,0.0111,0.156,0.341,-1.0,189.33438068463704,189.33438068463704
130,550,0.159224,-1.0,0.494,0.0545,0.000189,0.0249,0.000211,0.0,0.0797,0.00224,0.00195,0.303,0.0398,0.000414,0.000187,4.85e-05,8.96e-05,0.0332,0.015,0.0036,0.00356,0.00559,0.00372,0.0443,0.0111,0.156,0.341,-1.0,65.82768314866877,65.82768314866877
130,600,0.26535,-1.0,0.494,0.0545,0.000189,0.0249,0.000211,0.0,0.0797,0.00224,0.00195,0.303,0.0398,0.000414,0.000187,4.85e-05,8.96e-05,0.0332,0.015,0.0036,0.00356,0.00559,0.00372,0.0443,0.0111,0.156,0.341,-1.0,109.70315859103688,109.70315859103688
130,600,0.0787198,-1.0,0.494,0.0545,0.000189,0.0249,0.000211,0.0,0.0797,0.00224,0.00195,0.303,0.0398,0.000414,0.000187,4.85e-05,8.96e-05,0.0332,0.015,0.0036,0.00356,0.00559,0.00372,0.0443,0.0111,0.156,0.341,-1.0,32.54498098230528,32.54498098230528
130,650,0.189185,-1.0,0.494,0.0545,0.000189,0.0249,0.000211,0.0,0.0797,0.00224,0.00195,0.303,0.0398,0.000414,0.000187,4.85e-05,8.96e-05,0.0332,0.015,0.0036,0.00356,0.00559,0.00372,0.0443,0.0111,0.156,0.341,-1.0,78.2144038366132,78.2144038366132
130,650,0.0477327,-1.0,0.494,0.0545,0.000189,0.0249,0.000211,0.0,0.0797,0.00224,0.00195,0.303,0.0398,0.000414,0.000187,4.85e-05,8.96e-05,0.0332,0.015,0.0036,0.00356,0.00559,0.00372,0.0443,0.0111,0.156,0.341,-1.0,19.73404167355714,19.73404167355714
130,700,0.026744,-1.0,0.494,0.0545,0.000189,0.0249,0.000211,0.0,0.0797,0.00224,0.00195,0.303,0.0398,0.000414,0.000187,4.85e-05,8.96e-05,0.0332,0.015,0.0036,0.00356,0.00559,0.00372,0.0443,0.0111,0.156,0.341,-1.0,11.056722341657022,11.056722341657022
130,750,0.0867375,-1.0,0.494,0.0545,0.000189,0.0249,0.000211,0.0,0.0797,0.00224,0.00195,0.303,0.0398,0.000414,0.000187,4.85e-05,8.96e-05,0.0332,0.015,0.0036,0.00356,0.00559,0.00372,0.0443,0.0111,0.156,0.341,-1.0,35.85972382999835,35.85972382999835
130,750,0.0161197,-1.0,0.494,0.0545,0.000189,0.0249,0.000211,0.0,0.0797,0.00224,0.00195,0.303,0.0398,0.000414,0.000187,4.85e-05,8.96e-05,0.0332,0.015,0.0036,0.00356,0.00559,0.00372,0.0443,0.0111,0.156,0.341,-1.0,6.664337688109808,6.664337688109808
130,800,0.0707187,-1.0,0.494,0.0545,0.000189,0.0249,0.000211,0.0,0.0797,0.00224,0.00195,0.303,0.0398,0.000414,0.000187,4.85e-05,8.96e-05,0.0332,0.015,0.0036,0.00356,0.00559,0.00372,0.0443,0.0111,0.156,0.341,-1.0,29.23710104183893,29.23710104183893
130,800,0.0159312,-1.0,0.494,0.0545,0.000189,0.0249,0.000211,0.0,0.0797,0.00224,0.00195,0.303,0.0398,0.000414,0.000187,4.85e-05,8.96e-05,0.0332,0.015,0.0036,0.00356,0.00559,0.00372,0.0443,0.0111,0.156,0.341,-1.0,6.5864064825533335,6.5864064825533335
130,850,0.0498029,-1.0,0.494,0.0545,0.000189,0.0249,0.000211,0.0,0.0797,0.00224,0.00195,0.303,0.0398,0.000414,0.000187,4.85e-05,8.96e-05,0.0332,0.015,0.0036,0.00356,0.00559,0.00372,0.0443,0.0111,0.156,0.341,-1.0,20.589920621795933,20.589920621795933
130,850,0.0105286,-1.0,0.494,0.0545,0.000189,0.0249,0.000211,0.0,0.0797,0.00224,0.00195,0.303,0.0398,0.000414,0.000187,4.85e-05,8.96e-05,0.0332,0.015,0.0036,0.00356,0.00559,0.00372,0.0443,0.0111,0.156,0.341,-1.0,4.352819579957004,4.352819579957004
130,900,0.0356164,-1.0,0.494,0.0545,0.000189,0.0249,0.000211,0.0,0.0797,0.00224,0.00195,0.303,0.0398,0.000414,0.000187,4.85e-05,8.96e-05,0.0332,0.015,0.0036,0.00356,0.00559,0.00372,0.0443,0.0111,0.156,0.341,-1.0,14.72482222589714,14.72482222589714
140,300,1.20222,-1.0,0.315,0.0352,0.000122,0.0159,0.000134,0.0,0.0596,0.00193,0.00245,0.501,0.0687,0.000711,0.000319,8.2e-05,0.000155,0.0553,0.0251,0.00603,0.0059,0.00965,0.00644,0.0734,0.0192,0.26,0.568,-1.0,656.3016906775267,656.3016906775267
140,350,1.32257,-1.0,0.315,0.0352,0.000122,0.0159,0.000134,0.0,0.0596,0.00193,0.00245,0.501,0.0687,0.000711,0.000319,8.2e-05,0.000155,0.0553,0.0251,0.00603,0.0059,0.00965,0.00644,0.0734,0.0192,0.26,0.568,-1.0,722.0017359879027,722.0017359879027
140,400,1.15033,-1.0,0.315,0.0352,0.000122,0.0159,0.000134,0.0,0.0596,0.00193,0.00245,0.501,0.0687,0.000711,0.000319,8.2e-05,0.000155,0.0553,0.0251,0.00603,0.0059,0.00965,0.00644,0.0734,0.0192,0.26,0.568,-1.0,627.9745170077683,627.9745170077683
140,450,0.718138,-1.0,0.315,0.0352,0.000122,0.0159,0.000134,0.0,0.0596,0.00193,0.00245,0.501,0.0687,0.000711,0.000319,8.2e-05,0.000155,0.0553,0.0251,0.00603,0.0059,0.00965,0.00644,0.0734,0.0192,0.26,0.568,-1.0,392.0373837898036,392.0373837898036
140,500,0.458276,-1.0,0.315,0.0352,0.000122,0.0159,0.000134,0.0,0.0596,0.00193,0.00245,0.501,0.0687,0.000711,0.000319,8.2e-05,0.000155,0.0553,0.0251,0.00603,0.0059,0.00965,0.00644,0.0734,0.0192,0.26,0.568,-1.0,250.1766012850678,250.1766012850678
140,550,0.188849,-1.0,0.315,0.0352,0.000122,0.0159,0.000134,0.0,0.0596,0.00193,0.00245,0.501,0.0687,0.000711,0.000319,8.2e-05,0.000155,0.0553,0.0251,0.00603,0.0059,0.00965,0.00644,0.0734,0.0192,0.26,0.568,-1.0,103.09420736866815,103.09420736866815
140,600,0.108281,-1.0,0.315,0.0352,0.000122,0.0159,0.000134,0.0,0.0596,0.00193,0.00245,0.501,0.0687,0.000711,0.000319,8.2e-05,0.000155,0.0553,0.0251,0.00603,0.0059,0.00965,0.00644,0.0734,0.0192,0.26,0.568,-1.0,59.11147990239163,59.11147990239163
140,650,0.0611178,-1.0,0.315,0.0352,0.000122,0.0159,0.000134,0.0,0.0596,0.00193,0.00245,0.501,0.0687,0.000711,0.000319,8.2e-05,0.000155,0.0553,0.0251,0.00603,0.0059,0.00965,0.00644,0.0734,0.0192,0.26,0.568,-1.0,33.364704854761136,33.364704854761136
140,900,-1.0,1.83132,0.315,0.0352,0.000122,0.0159,0.000134,0.0,0.0596,0.00193,0.00245,0.501,0.0687,0.000711,0.000319,8.2e-05,0.000155,0.0553,0.0251,0.00603,0.0059,0.00965,0.00644,0.0734,0.0192,0.26,0.568,5.813714285714286,-1.0,5.813714285714286
140,900,-1.0,0.373208,0.315,0.0352,0.000122,0.0159,0.000134,0.0,0.0596,0.00193,0.00245,0.501,0.0687,0.000711,0.000319,8.2e-05,0.000155,0.0553,0.0251,0.00603,0.0059,0.00965,0.00644,0.0734,0.0192,0.26,0.568,1.1847873015873016,-1.0,1.1847873015873016
140,1000,-1.0,0.166463,0.315,0.0352,0.000122,0.0159,0.000134,0.0,0.0596,0.00193,0.00245,0.501,0.0687,0.000711,0.000319,8.2e-05,0.000155,0.0553,0.0251,0.00603,0.0059,0.00965,0.00644,0.0734,0.0192,0.26,0.568,0.5284539682539683,-1.0,0.5284539682539683
140,1100,-1.0,0.503109,0.315,0.0352,0.000122,0.0159,0.000134,0.0,0.0596,0.00193,0.00245,0.501,0.0687,0.000711,0.000319,8.2e-05,0.000155,0.0553,0.0251,0.00603,0.0059,0.00965,0.00644,0.0734,0.0192,0.26,0.568,1.5971714285714287,-1.0,1.5971714285714287
140,1100,-1.0,0.0792486,0.315,0.0352,0.000122,0.0159,0.000134,0.0,0.0596,0.00193,0.00245,0.501,0.0687,0.000711,0.000319,8.2e-05,0.000155,0.0553,0.0251,0.00603,0.0059,0.00965,0.00644,0.0734,0.0192,0.26,0.568,0.25158285714285716,-1.0,0.25158285714285716
140,1200,-1.0,0.0402506,0.315,0.0352,0.000122,0.0159,0.000134,0.0,0.0596,0.00193,0.00245,0.501,0.0687,0.000711,0.000319,8.2e-05,0.000155,0.0553,0.0251,0.00603,0.0059,0.00965,0.00644,0.0734,0.0192,0.26,0.568,0.12777968253968253,-1.0,0.12777968253968253
140,1300,-1.0,0.164741,0.315,0.0352,0.000122,0.0159,0.000134,0.0,0.0596,0.00193,0.00245,0.501,0.0687,0.000711,0.000319,8.2e-05,0.000155,0.0553,0.0251,0.00603,0.0059,0.00965,0.00644,0.0734,0.0192,0.26,0.568,0.5229873015873016,-1.0,0.5229873015873016
140,1300,-1.0,0.0224178,0.315,0.0352,0.000122,0.0159,0.000134,0.0,0.0596,0.00193,0.00245,0.501,0.0687,0.000711,0.000319,8.2e-05,0.000155,0.0553,0.0251,0.00603,0.0059,0.00965,0.00644,0.0734,0.0192,0.26,0.568,0.07116761904761905,-1.0,0.07116761904761905
140,1400,-1.0,0.0993188,0.315,0.0352,0.000122,0.0159,0.000134,0.0,0.0596,0.00193,0.00245,0.501,0.0687,0.000711,0.000319,8.2e-05,0.000155,0.0553,0.0251,0.00603,0.0059,0.00965,0.00644,0.0734,0.0192,0.26,0.568,0.3152977777777778,-1.0,0.3152977777777778
140,1400,-1.0,0.0122414,0.315,0.0352,0.000122,0.0159,0.000134,0.0,0.0596,0.00193,0.00245,0.501,0.0687,0.000711,0.000319,8.2e-05,0.000155,0.0553,0.0251,0.00603,0.0059,0.00965,0.00644,0.0734,0.0192,0.26,0.568,0.0388615873015873,-1.0,0.0388615873015873
140,1500,-1.0,0.0565526,0.315,0.0352,0.000122,0.0159,0.000134,0.0,0.0596,0.00193,0.00245,0.501,0.0687,0.000711,0.000319,8.2e-05,0.000155,0.0553,0.0251,0.00603,0.0059,0.00965,0.00644,0.0734,0.0192,0.26,0.568,0.1795320634920635,-1.0,0.1795320634920635
140,1500,-1.0,0.00477542,0.315,0.0352,0.000122,0.0159,0.000134,0.0,0.0596,0.00193,0.00245,0.501,0.0687,0.000711,0.000319,8.2e-05,0.000155,0.0553,0.0251,0.00603,0.0059,0.00965,0.00644,0.0734,0.0192,0.26,0.568,0.015160063492063492,-1.0,0.015160063492063492
140,1600,-1.0,0.0380439,0.315,0.0352,0.000122,0.0159,0.000134,0.0,0.0596,0.00193,0.00245,0.501,0.0687,0.000711,0.000319,8.2e-05,0.000155,0.0553,0.0251,0.00603,0.0059,0.00965,0.00644,0.0734,0.0192,0.26,0.568,0.12077428571428571,-1.0,0.12077428571428571
140,1600,-1.0,0.00193996,0.315,0.0352,0.000122,0.0159,0.000134,0.0,0.0596,0.00193,0.00245,0.501,0.0687,0.000711,0.000319,8.2e-05,0.000155,0.0553,0.0251,0.00603,0.0059,0.00965,0.00644,0.0734,0.0192,0.26,0.568,0.006158603174603174,-1.0,0.006158603174603174
150,300,0.830865,-1.0,0.157,0.0178,6.18e-05,0.00792,6.7e-05,0.0,0.0346,0.00136,0.00231,0.696,0.0825,0.00085,0.000381,9.72e-05,0.000186,0.0767,0.0347,0.00841,0.0082,0.0116,0.00773,0.102,0.0231,0.356,0.777,-1.0,727.1195785346728,727.1195785346728
150,350,0.818674,-1.0,0.157,0.0178,6.18e-05,0.00792,6.7e-05,0.0,0.0346,0.00136,0.00231,0.696,0.0825,0.00085,0.000381,9.72e-05,0.000186,0.0767,0.0347,0.00841,0.0082,0.0116,0.00773,0.102,0.0231,0.356,0.777,-1.0,716.4507998739804,716.4507998739804
150,400,0.426619,-1.0,0.157,0.0178,6.18e-05,0.00792,6.7e-05,0.0,0.0346,0.00136,0.00231,0.696,0.0825,0.00085,0.000381,9.72e-05,0.000186,0.0767,0.0347,0.00841,0.0082,0.0116,0.00773,0.102,0.0231,0.356,0.777,-1.0,373.3494941715966,373.3494941715966
150,450,0.448795,-1.0,0.157,0.0178,6.18e-05,0.00792,6.7e-05,0.0,0.0346,0.00136,0.00231,0.696,0.0825,0.00085,0.000381,9.72e-05,0.000186,0.0767,0.0347,0.00841,0.0082,0.0116,0.00773,0.102,0.0231,0.356,0.777,-1.0,392.75650225784995,392.75650225784995
150,500,0.282783,-1.0,0.157,0.0178,6.18e-05,0.00792,6.7e-05,0.0,0.0346,0.00136,0.00231,0.696,0.0825,0.00085,0.000381,9.72e-05,0.000186,0.0767,0.0347,0.00841,0.0082,0.0116,0.00773,0.102,0.0231,0.356,0.777,-1.0,247.47348338992543,247.47348338992543
150,550,0.132547,-1.0,0.157,0.0178,6.18e-05,0.00792,6.7e-05,0.0,0.0346,0.00136,0.00231,0.696,0.0825,0.00085,0.000381,9.72e-05,0.000186,0.0767,0.0347,0.00841,0.0082,0.0116,0.00773,0.102,0.0231,0.356,0.777,-1.0,115.99660447369341,115.99660447369341
150,600,0.0663148,-1.0,0.157,0.0178,6.18e-05,0.00792,6.7e-05,0.0,0.0346,0.00136,0.00231,0.696,0.0825,0.00085,0.000381,9.72e-05,0.000186,0.0767,0.0347,0.00841,0.0082,0.0116,0.00773,0.102,0.0231,0.356,0.777,-1.0,58.03444533902754,58.03444533902754
150,650,0.0426142,-1.0,0.157,0.0178,6.18e-05,0.00792,6.7e-05,0.0,0.0346,0.00136,0.00231,0.696,0.0825,0.00085,0.000381,9.72e-05,0.000186,0.0767,0.0347,0.00841,0.0082,0.0116,0.00773,0.102,0.0231,0.356,0.777,-1.0,37.293205446844254,37.293205446844254
150,700,0.0178137,-1.0,0.157,0.0178,6.18e-05,0.00792,6.7e-05,0.0,0.0346,0.00136,0.00231,0.696,0.0825,0.00085,0.000381,9.72e-05,0.000186,0.0767,0.0347,0.00841,0.0082,0.0116,0.00773,0.102,0.0231,0.356,0.777,-1.0,15.589403857597926,15.589403857597926
150,900,-1.0,0.184717,0.157,0.0178,6.18e-05,0.00792,6.7e-05,0.0,0.0346,0.00136,0.00231,0.696,0.0825,0.00085,0.000381,9.72e-05,0.000186,0.0767,0.0347,0.00841,0.0082,0.0116,0.00773,0.102,0.0231,0.356,0.777,1.1765414012738853,-1.0,1.1765414012738853
150,1000,-1.0,0.0758218,0.157,0.0178,6.18e-05,0.00792,6.7e-05,0.0,0.0346,0.00136,0.00231,0.696,0.0825,0.00085,0.000381,9.72e-05,0.000186,0.0767,0.0347,0.00841,0.0082,0.0116,0.00773,0.102,0.0231,0.356,0.777,0.4829414012738853,-1.0,0.4829414012738853
150,1100,-1.0,0.0452273,0.157,0.0178,6.18e-05,0.00792,6.7e-05,0.0,0.0346,0.00136,0.00231,0.696,0.0825,0.00085,0.000381,9.72e-05,0.000186,0.0767,0.0347,0.00841,0.0082,0.0116,0.00773,0.102,0.0231,0.356,0.777,0.288071974522293,-1.0,0.288071974522293
150,1200,-1.0,0.0217621,0.157,0.0178,6.18e-05,0.00792,6.7e-05,0.0,0.0346,0.00136,0.00231,0.696,0.0825,0.00085,0.000381,9.72e-05,0.000186,0.0767,0.0347,0.00841,0.0082,0.0116,0.00773,0.102,0.0231,0.356,0.777,0.138612101910828,-1.0,0.138612101910828
150,1300,-1.0,0.00569091,0.157,0.0178,6.18e-05,0.00792,6.7e-05,0.0,0.0346,0.00136,0.00231,0.696,0.0825,0.00085,0.000381,9.72e-05,0.000186,0.0767,0.0347,0.00841,0.0082,0.0116,0.00773,0.102,0.0231,0.356,0.777,0.03624783439490446,-1.0,0.03624783439490446
150,1400,-1.0,0.0042075,0.157,0.0178,6.18e-05,0.00792,6.7e-05,0.0,0.0346,0.00136,0.00231,0.696,0.0825,0.00085,0.000381,9.72e-05,0.000186,0.0767,0.0347,0.00841,0.0082,0.0116,0.00773,0.102,0.0231,0.356,0.777,0.026799363057324842,-1.0,0.026799363057324842
150,1500,-1.0,0.00130333,0.157,0.0178,6.18e-05,0.00792,6.7e-05,0.0,0.0346,0.00136,0.00231,0.696,0.0825,0.00085,0.000381,9.72e-05,0.000186,0.0767,0.0347,0.00841,0.0082,0.0116,0.00773,0.102,0.0231,0.356,0.777,0.008301464968152865,-1.0,0.008301464968152865
150,1600,-1.0,0.000946152,0.157,0.0178,6.18e-05,0.00792,6.7e-05,0.0,0.0346,0.00136,0.00231,0.696,0.0825,0.00085,0.000381,9.72e-05,0.000186,0.0767,0.0347,0.00841,0.0082,0.0116,0.00773,0.102,0.0231,0.356,0.777,0.0060264458598726115,-1.0,0.0060264458598726115
165,300,0.132504,-1.0,0.0119,0.00138,4.78e-06,0.000602,5.09e-06,0.0,0.00314,0.00023,0.000545,0.96,0.0222,0.000227,0.000102,2.58e-05,5e-05,0.103,0.0459,0.0114,0.0113,0.00312,0.00208,0.141,0.00621,0.447,0.982,-1.0,828.9686064989178,828.9686064989178
165,350,0.161937,-1.0,0.0119,0.00138,4.78e-06,0.000602,5.09e-06,0.0,0.00314,0.00023,0.000545,0.96,0.0222,0.000227,0.000102,2.58e-05,5e-05,0.103,0.0459,0.0114,0.0113,0.00312,0.00208,0.141,0.00621,0.447,0.982,-1.0,1013.1066928591985,1013.1066928591985
165,400,0.115421,-1.0,0.0119,0.00138,4.78e-06,0.000602,5.09e-06,0.0,0.00314,0.00023,0.000545,0.96,0.0222,0.000227,0.000102,2.58e-05,5e-05,0.103,0.0459,0.0114,0.0113,0.00312,0.00208,0.141,0.00621,0.447,0.982,-1.0,722.0943181391624,722.0943181391624
165,450,0.0935081,-1.0,0.0119,0.00138,4.78e-06,0.000602,5.09e-06,0.0,0.00314,0.00023,0.000545,0.96,0.0222,0.000227,0.000102,2.58e-05,5e-05,0.103,0.0459,0.0114,0.0113,0.00312,0.00208,0.141,0.00621,0.447,0.982,-1.0,585.0033157743271,585.0033157743271
165,500,0.0475081,-1.0,0.0119,0.00138,4.78e-06,0.000602,5.09e-06,0.0,0.00314,0.00023,0.000545,0.96,0.0222,0.000227,0.000102,2.58e-05,5e-05,0.103,0.0459,0.0114,0.0113,0.00312,0.00208,0.141,0.00621,0.447,0.982,-1.0,297.21912888977863,297.21912888977863
165,550,0.0304927,-1.0,0.0119,0.00138,4.78e-06,0.000602,5.09e-06,0.0,0.00314,0.00023,0.000545,0.96,0.0222,0.000227,0.000102,2.58e-05,5e-05,0.103,0.0459,0.0114,0.0113,0.00312,0.00208,0.141,0.00621,0.447,0.982,-1.0,190.7677581611842,190.7677581611842
165,600,0.0141663,-1.0,0.0119,0.00138,4.78e-06,0.000602,5.09e-06,0.0,0.00314,0.00023,0.000545,0.96,0.0222,0.000227,0.000102,2.58e-05,5e-05,0.103,0.0459,0.0114,0.0113,0.00312,0.00208,0.141,0.00621,0.447,0.982,-1.0,88.62689405788217,88.62689405788217
170,300,0.0562445,-1.0,0.00793,0.00092,3.19e-06,0.0004,3.38e-06,0.0,0.0022,0.000158,0.0004,0.964,0.0236,0.000241,0.000108,2.73e-05,5.32e-05,0.103,0.0461,0.0115,0.0114,0.00332,0.00221,0.141,0.00661,0.45,0.988,-1.0,514.8407636315706,514.8407636315706
170,350,0.0550766,-1.0,0.00793,0.00092,3.19e-06,0.0004,3.38e-06,0.0,0.0022,0.000158,0.0004,0.964,0.0236,0.000241,0.000108,2.73e-05,5.32e-05,0.103,0.0461,0.0115,0.0114,0.00332,0.00221,0.141,0.00661,0.45,0.988,-1.0,504.15025117532485,504.15025117532485
170,400,0.0467077,-1.0,0.00793,0.00092,3.19e-06,0.0004,3.38e-06,0.0,0.0022,0.000158,0.0004,0.964,0.0236,0.000241,0.000108,2.73e-05,5.32e-05,0.103,0.0461,0.0115,0.0114,0.00332,0.00221,0.141,0.00661,0.45,0.988,-1.0,427.5445232062567,427.5445232062567
170,450,0.0342381,-1.0,0.00793,0.00092,3.19e-06,0.0004,3.38e-06,0.0,0.0022,0.000158,0.0004,0.964,0.0236,0.000241,0.000108,2.73e-05,5.32e-05,0.103,0.0461,0.0115,0.0114,0.00332,0.00221,0.141,0.00661,0.45,0.988,-1.0,313.4025469031474,313.4025469031474
170,500,0.0175669,-1.0,0.00793,0.00092,3.19e-06,0.0004,3.38e-06,0.0,0.0022,0.000158,0.0004,0.964,0.0236,0.000241,0.000108,2.73e-05,5.32e-05,0.103,0.0461,0.0115,0.0114,0.00332,0.00221,0.141,0.00661,0.45,0.988,-1.0,160.80072203752252,160.80072203752252
180,350,0.032194,-1.0,0.00501,0.000587,2.03e-06,0.000252,2.13e-06,0.0,0.00156,0.000105,0.000296,0.932,0.0602,0.000612,0.000273,6.85e-05,0.000136,0.101,0.0455,0.0112,0.011,0.00847,0.00565,0.137,0.0169,0.453,0.992,-1.0,447.09045408969587,447.09045408969587
180,400,0.0350773,-1.0,0.00501,0.000587,2.03e-06,0.000252,2.13e-06,0.0,0.00156,0.000105,0.000296,0.932,0.0602,0.000612,0.000273,6.85e-05,0.000136,0.101,0.0455,0.0112,0.011,0.00847,0.00565,0.137,0.0169,0.453,0.992,-1.0,487.1319495943495,487.1319495943495
180,450,0.0194824,-1.0,0.00501,0.000587,2.03e-06,0.000252,2.13e-06,0.0,0.00156,0.000105,0.000296,0.932,0.0602,0.000612,0.000273,6.85e-05,0.000136,0.101,0.0455,0.0112,0.011,0.00847,0.00565,0.137,0.0169,0.453,0.992,-1.0,270.5595782679099,270.5595782679099
60,900,-1.0,0.530823,0.824,0.0827,0.000287,0.0418,0.000353,0.0,0.0494,0.000918,0.0,0.000627,0.000164,1.98e-06,9.44e-07,2.86e-07,3.73e-07,6.28e-05,2.72e-05,4.71e-06,7.35e-06,2.35e-05,1.57e-05,9.2e-05,4.71e-05,0.000323,0.000743,0.6442026699029128,-1.0,0.6442026699029128
60,1000,-1.0,0.282641,0.824,0.0827,0.000287,0.0418,0.000353,0.0,0.0494,0.000918,0.0,0.000627,0.000164,1.98e-06,9.44e-07,2.86e-07,3.73e-07,6.28e-05,2.72e-05,4.71e-06,7.35e-06,2.35e-05,1.57e-05,9.2e-05,4.71e-05,0.000323,0.000743,0.34301092233009706,-1.0,0.34301092233009706
60,1100,-1.0,0.149634,0.824,0.0827,0.000287,0.0418,0.000353,0.0,0.0494,0.000918,0.0,0.000627,0.000164,1.98e-06,9.44e-07,2.86e-07,3.73e-07,6.28e-05,2.72e-05,4.71e-06,7.35e-06,2.35e-05,1.57e-05,9.2e-05,4.71e-05,0.000323,0.000743,0.18159466019417475,-1.0,0.18159466019417475
60,1200,-1.0,0.0619505,0.824,0.0827,0.000287,0.0418,0.000353,0.0,0.0494,0.000918,0.0,0.000627,0.000164,1.98e-06,9.44e-07,2.86e-07,3.73e-07,6.28e-05,2.72e-05,4.71e-06,7.35e-06,2.35e-05,1.57e-05,9.2e-05,4.71e-05,0.000323,0.000743,0.07518264563106797,-1.0,0.07518264563106797
60,1300,-1.0,0.0363605,0.824,0.0827,0.000287,0.0418,0.000353,0.0,0.0494,0.000918,0.0,0.000627,0.000164,1.98e-06,9.44e-07,2.86e-07,3.73e-07,6.28e-05,2.72e-05,4.71e-06,7.35e-06,2.35e-05,1.57e-05,9.2e-05,4.71e-05,0.000323,0.000743,0.044126820388349516,-1.0,0.044126820388349516
60,1400,-1.0,0.0195609,0.824,0.0827,0.000287,0.0418,0.000353,0.0,0.0494,0.000918,0.0,0.000627,0.000164,1.98e-06,9.44e-07,2.86e-07,3.73e-07,6.28e-05,2.72e-05,4.71e-06,7.35e-06,2.35e-05,1.57e-05,9.2e-05,4.71e-05,0.000323,0.000743,0.023738956310679613,-1.0,0.023738956310679613
60,1500,-1.0,0.0100798,0.824,0.0827,0.000287,0.0418,0.000353,0.0,0.0494,0.000918,0.0,0.000627,0.000164,1.98e-06,9.44e-07,2.86e-07,3.73e-07,6.28e-05,2.72e-05,4.71e-06,7.35e-06,2.35e-05,1.57e-05,9.2e-05,4.71e-05,0.000323,0.000743,0.012232766990291263,-1.0,0.012232766990291263
60,1600,-1.0,0.00531885,0.824,0.0827,0.000287,0.0418,0.000353,0.0,0.0494,0.000918,0.0,0.000627,0.000164,1.98e-06,9.44e-07,2.86e-07,3.73e-07,6.28e-05,2.72e-05,4.71e-06,7.35e-06,2.35e-05,1.57e-05,9.2e-05,4.71e-05,0.000323,0.000743,0.006454915048543689,-1.0,0.006454915048543689
60,1700,-1.0,0.00279709,0.824,0.0827,0.000287,0.0418,0.000353,0.0,0.0494,0.000918,0.0,0.000627,0.000164,1.98e-06,9.44e-07,2.86e-07,3.73e-07,6.28e-05,2.72e-05,4.71e-06,7.35e-06,2.35e-05,1.57e-05,9.2e-05,4.71e-05,0.000323,0.000743,0.0033945266990291264,-1.0,0.0033945266990291264
70,900,-1.0,0.843371,0.824,0.0827,0.000287,0.0418,0.000353,0.0,0.0494,0.000918,0.0,0.000627,0.000164,1.98e-06,9.44e-07,2.86e-07,3.73e-07,6.28e-05,2.72e-05,4.71e-06,7.35e-06,2.35e-05,1.57e-05,9.2e-05,4.71e-05,0.000323,0.000743,1.023508495145631,-1.0,1.023508495145631
70,1000,-1.0,0.381999,0.824,0.0827,0.000287,0.0418,0.000353,0.0,0.0494,0.000918,0.0,0.000627,0.000164,1.98e-06,9.44e-07,2.86e-07,3.73e-07,6.28e-05,2.72e-05,4.71e-06,7.35e-06,2.35e-05,1.57e-05,9.2e-05,4.71e-05,0.000323,0.000743,0.4635910194174757,-1.0,0.4635910194174757
70,1100,-1.0,0.18141,0.824,0.0827,0.000287,0.0418,0.000353,0.0,0.0494,0.000918,0.0,0.000627,0.000164,1.98e-06,9.44e-07,2.86e-07,3.73e-07,6.28e-05,2.72e-05,4.71e-06,7.35e-06,2.35e-05,1.57e-05,9.2e-05,4.71e-05,0.000323,0.000743,0.22015776699029127,-1.0,0.22015776699029127
70,1200,-1.0,0.0876026,0.824,0.0827,0.000287,0.0418,0.000353,0.0,0.0494,0.000918,0.0,0.000627,0.000164,1.98e-06,9.44e-07,2.86e-07,3.73e-07,6.28e-05,2.72e-05,4.71e-06,7.35e-06,2.35e-05,1.57e-05,9.2e-05,4.71e-05,0.000323,0.000743,0.10631383495145633,-1.0,0.10631383495145633
70,1300,-1.0,0.0375216,0.824,0.0827,0.000287,0.0418,0.000353,0.0,0.0494,0.000918,0.0,0.000627,0.000164,1.98e-06,9.44e-07,2.86e-07,3.73e-07,6.28e-05,2.72e-05,4.71e-06,7.35e-06,2.35e-05,1.57e-05,9.2e-05,4.71e-05,0.000323,0.000743,0.045535922330097095,-1.0,0.045535922330097095
70,1400,-1.0,0.0197864,0.824,0.0827,0.000287,0.0418,0.000353,0.0,0.0494,0.000918,0.0,0.000627,0.000164,1.98e-06,9.44e-07,2.86e-07,3.73e-07,6.28e-05,2.72e-05,4.71e-06,7.35e-06,2.35e-05,1.57e-05,9.2e-05,4.71e-05,0.000323,0.000743,0.024012621359223302,-1.0,0.024012621359223302
70,1500,-1.0,0.00576757,0.824,0.0827,0.000287,0.0418,0.000353,0.0,0.0494,0.000918,0.0,0.000627,0.000164,1.98e-06,9.44e-07,2.86e-07,3.73e-07,6.28e-05,2.72e-05,4.71e-06,7.35e-06,2.35e-05,1.57e-05,9.2e-05,4.71e-05,0.000323,0.000743,0.006999478155339806,-1.0,0.006999478155339806
70,1600,-1.0,0.00331754,0.824,0.0827,0.000287,0.0418,0.000353,0.0,0.0494,0.000918,0.0,0.000627,0.000164,1.98e-06,9.44e-07,2.86e-07,3.73e-07,6.28e-05,2.72e-05,4.71e-06,7.35e-06,2.35e-05,1.57e-05,9.2e-05,4.71e-05,0.000323,0.000743,0.004026140776699029,-1.0,0.004026140776699029
70,1700,-1.0,0.00182705,0.824,0.0827,0.000287,0.0418,0.000353,0.0,0.0494,0.000918,0.0,0.000627,0.000164,1.98e-06,9.44e-07,2.86e-07,3.73e-07,6.28e-05,2.72e-05,4.71e-06,7.35e-06,2.35e-05,1.57e-05,9.2e-05,4.71e-05,0.000323,0.000743,0.0022172936893203885,-1.0,0.0022172936893203885
80,900,-1.0,0.790045,0.824,0.0827,0.000287,0.0418,0.000353,0.0,0.0494,0.000918,0.0,0.000627,0.000164,1.98e-06,9.44e-07,2.86e-07,3.73e-07,6.28e-05,2.72e-05,4.71e-06,7.35e-06,2.35e-05,1.57e-05,9.2e-05,4.71e-05,0.000323,0.000743,0.9587924757281554,-1.0,0.9587924757281554
80,1000,-1.0,0.417188,0.824,0.0827,0.000287,0.0418,0.000353,0.0,0.0494,0.000918,0.0,0.000627,0.000164,1.98e-06,9.44e-07,2.86e-07,3.73e-07,6.28e-05,2.72e-05,4.71e-06,7.35e-06,2.35e-05,1.57e-05,9.2e-05,4.71e-05,0.000323,0.000743,0.5062961165048544,-1.0,0.5062961165048544
80,1100,-1.0,0.190383,0.824,0.0827,0.000287,0.0418,0.000353,0.0,0.0494,0.000918,0.0,0.000627,0.000164,1.98e-06,9.44e-07,2.86e-07,3.73e-07,6.28e-05,2.72e-05,4.71e-06,7.35e-06,2.35e-05,1.57e-05,9.2e-05,4.71e-05,0.000323,0.000743,0.2310473300970874,-1.0,0.2310473300970874
80,1200,-1.0,0.103098,0.824,0.0827,0.000287,0.0418,0.000353,0.0,0.0494,0.000918,0.0,0.000627,0.000164,1.98e-06,9.44e-07,2.86e-07,3.73e-07,6.28e-05,2.72e-05,4.71e-06,7.35e-06,2.35e-05,1.57e-05,9.2e-05,4.71e-05,0.000323,0.000743,0.12511893203883495,-1.0,0.12511893203883495
80,1300,-1.0,0.0527617,0.824,0.0827,0.000287,0.0418,0.000353,0.0,0.0494,0.000918,0.0,0.000627,0.000164,1.98e-06,9.44e-07,2.86e-07,3.73e-07,6.28e-05,2.72e-05,4.71e-06,7.35e-06,2.35e-05,1.57e-05,9.2e-05,4.71e-05,0.000323,0.000743,0.06403118932038836,-1.0,0.06403118932038836
80,1400,-1.0,0.0269319,0.824,0.0827,0.000287,0.0418,0.000353,0.0,0.0494,0.000918,0.0,0.000627,0.000164,1.98e-06,9.44e-07,2.86e-07,3.73e-07,6.28e-05,2.72e-05,4.71e-06,7.35e-06,2.35e-05,1.57e-05,9.2e-05,4.71e-05,0.000323,0.000743,0.03268434466019418,-1.0,0.03268434466019418
80,1500,-1.0,0.00903321,0.824,0.0827,0.000287,0.0418,0.000353,0.0,0.0494,0.000918,0.0,0.000627,0.000164,1.98e-06,9.44e-07,2.86e-07,3.73e-07,6.28e-05,2.72e-05,4.71e-06,7.35e-06,2.35e-05,1.57e-05,9.2e-05,4.71e-05,0.000323,0.000743,0.010962633495145632,-1.0,0.010962633495145632
80,1600,-1.0,0.00416651,0.824,0.0827,0.000287,0.0418,0.000353,0.0,0.0494,0.000918,0.0,0.000627,0.000164,1.98e-06,9.44e-07,2.86e-07,3.73e-07,6.28e-05,2.72e-05,4.71e-06,7.35e-06,2.35e-05,1.57e-05,9.2e-05,4.71e-05,0.000323,0.000743,0.005056444174757282,-1.0,0.005056444174757282
80,1700,-1.0,0.00405698,0.824,0.0827,0.000287,0.0418,0.000353,0.0,0.0494,0.000918,0.0,0.000627,0.000164,1.98e-06,9.44e-07,2.86e-07,3.73e-07,6.28e-05,2.72e-05,4.71e-06,7.35e-06,2.35e-05,1.57e-05,9.2e-05,4.71e-05,0.000323,0.000743,0.004923519417475729,-1.0,0.004923519417475729
108,900,-1.0,0.622249,0.756,0.0805,0.00028,0.0382,0.000323,0.0,0.0826,0.00188,0.000291,0.0367,0.00326,3.58e-05,1.66e-05,4.66e-06,7.26e-06,0.00389,0.00173,0.000405,0.000431,0.000454,0.000303,0.00538,0.000909,0.0179,0.0395,0.8230806878306879,-1.0,0.8230806878306879
108,1000,-1.0,0.306021,0.756,0.0805,0.00028,0.0382,0.000323,0.0,0.0826,0.00188,0.000291,0.0367,0.00326,3.58e-05,1.66e-05,4.66e-06,7.26e-06,0.00389,0.00173,0.000405,0.000431,0.000454,0.000303,0.00538,0.000909,0.0179,0.0395,0.4047896825396825,-1.0,0.4047896825396825
108,1100,-1.0,0.15189,0.756,0.0805,0.00028,0.0382,0.000323,0.0,0.0826,0.00188,0.000291,0.0367,0.00326,3.58e-05,1.66e-05,4.66e-06,7.26e-06,0.00389,0.00173,0.000405,0.000431,0.000454,0.000303,0.00538,0.000909,0.0179,0.0395,0.2009126984126984,-1.0,0.2009126984126984
108,1200,-1.0,0.0733339,0.756,0.0805,0.00028,0.0382,0.000323,0.0,0.0826,0.00188,0.000291,0.0367,0.00326,3.58e-05,1.66e-05,4.66e-06,7.26e-06,0.00389,0.00173,0.000405,0.000431,0.000454,0.000303,0.00538,0.000909,0.0179,0.0395,0.09700251322751322,-1.0,0.09700251322751322
108,1300,-1.0,0.0395685,0.756,0.0805,0.00028,0.0382,0.000323,0.0,0.0826,0.00188,0.000291,0.0367,0.00326,3.58e-05,1.66e-05,4.66e-06,7.26e-06,0.00389,0.00173,0.000405,0.000431,0.000454,0.000303,0.00538,0.000909,0.0179,0.0395,0.05233928571428571,-1.0,0.05233928571428571
109,900,-1.0,0.6310735,0.75,0.08,0.000278,0.0379,0.00032,0.0,0.0836,0.00192,0.000339,0.0419,0.00376,4.11e-05,1.9e-05,5.31e-06,8.39e-06,0.00445,0.00198,0.000465,0.000493,0.000525,0.00035,0.00614,0.00105,0.0205,0.0452,0.8414313333333333,-1.0,0.8414313333333333
109,1000,-1.0,0.3222385,0.75,0.08,0.000278,0.0379,0.00032,0.0,0.0836,0.00192,0.000339,0.0419,0.00376,4.11e-05,1.9e-05,5.31e-06,8.39e-06,0.00445,0.00198,0.000465,0.000493,0.000525,0.00035,0.00614,0.00105,0.0205,0.0452,0.42965133333333333,-1.0,0.42965133333333333
109,1100,-1.0,0.156908,0.75,0.08,0.000278,0.0379,0.00032,0.0,0.0836,0.00192,0.000339,0.0419,0.00376,4.11e-05,1.9e-05,5.31e-06,8.39e-06,0.00445,0.00198,0.000465,0.000493,0.000525,0.00035,0.00614,0.00105,0.0205,0.0452,0.20921066666666666,-1.0,0.20921066666666666
109,1200,-1.0,0.0711425,0.75,0.08,0.000278,0.0379,0.00032,0.0,0.0836,0.00192,0.000339,0.0419,0.00376,4.11e-05,1.9e-05,5.31e-06,8.39e-06,0.00445,0.00198,0.000465,0.000493,0.000525,0.00035,0.00614,0.00105,0.0205,0.0452,0.09485666666666666,-1.0,0.09485666666666666
109,1300,-1.0,0.0388025,0.75,0.08,0.000278,0.0379,0.00032,0.0,0.0836,0.00192,0.000339,0.0419,0.00376,4.11e-05,1.9e-05,5.31e-06,8.39e-06,0.00445,0.00198,0.000465,0.000493,0.000525,0.00035,0.00614,0.00105,0.0205,0.0452,0.05173666666666666,-1.0,0.05173666666666666
117,900,-1.0,6.03679,0.683,0.0739,0.000256,0.0345,0.000292,0.0,0.0882,0.00217,0.000861,0.106,0.0111,0.000118,5.38e-05,1.44e-05,2.5e-05,0.0114,0.00512,0.00122,0.00124,0.00156,0.00104,0.0155,0.00311,0.053,0.116,8.838638360175695,-1.0,8.838638360175695
117,1000,-1.0,3.08073,0.683,0.0739,0.000256,0.0345,0.000292,0.0,0.0882,0.00217,0.000861,0.106,0.0111,0.000118,5.38e-05,1.44e-05,2.5e-05,0.0114,0.00512,0.00122,0.00124,0.00156,0.00104,0.0155,0.00311,0.053,0.116,4.510585651537335,-1.0,4.510585651537335
117,1100,-1.0,1.65889,0.683,0.0739,0.000256,0.0345,0.000292,0.0,0.0882,0.00217,0.000861,0.106,0.0111,0.000118,5.38e-05,1.44e-05,2.5e-05,0.0114,0.00512,0.00122,0.00124,0.00156,0.00104,0.0155,0.00311,0.053,0.116,2.428828696925329,-1.0,2.428828696925329
117,1200,-1.0,0.885056,0.683,0.0739,0.000256,0.0345,0.000292,0.0,0.0882,0.00217,0.000861,0.106,0.0111,0.000118,5.38e-05,1.44e-05,2.5e-05,0.0114,0.00512,0.00122,0.00124,0.00156,0.00104,0.0155,0.00311,0.053,0.116,1.295836017569546,-1.0,1.295836017569546
117,1300,-1.0,0.505793,0.683,0.0739,0.000256,0.0345,0.000292,0.0,0.0882,0.00217,0.000861,0.106,0.0111,0.000118,5.38e-05,1.44e-05,2.5e-05,0.0114,0.00512,0.00122,0.00124,0.00156,0.00104,0.0155,0.00311,0.053,0.116,0.7405461200585651,-1.0,0.7405461200585651
117,1400,-1.0,0.29277,0.683,0.0739,0.000256,0.0345,0.000292,0.0,0.0882,0.00217,0.000861,0.106,0.0111,0.000118,5.38e-05,1.44e-05,2.5e-05,0.0114,0.00512,0.00122,0.00124,0.00156,0.00104,0.0155,0.00311,0.053,0.116,0.42865300146412877,-1.0,0.42865300146412877
117,1500,-1.0,0.170938,0.683,0.0739,0.000256,0.0345,0.000292,0.0,0.0882,0.00217,0.000861,0.106,0.0111,0.000118,5.38e-05,1.44e-05,2.5e-05,0.0114,0.00512,0.00122,0.00124,0.00156,0.00104,0.0155,0.00311,0.053,0.116,0.2502752562225476,-1.0,0.2502752562225476
117,1600,-1.0,0.090719,0.683,0.0739,0.000256,0.0345,0.000292,0.0,0.0882,0.00217,0.000861,0.106,0.0111,0.000118,5.38e-05,1.44e-05,2.5e-05,0.0114,0.00512,0.00122,0.00124,0.00156,0.00104,0.0155,0.00311,0.053,0.116,0.1328243045387994,-1.0,0.1328243045387994
132,900,-1.0,2.94085,0.458,0.0507,0.000176,0.0231,0.000196,0.0,0.0765,0.00221,0.00209,0.341,0.0457,0.000475,0.000214,5.54e-05,0.000103,0.0375,0.017,0.00406,0.00401,0.00641,0.00428,0.0499,0.0128,0.176,0.385,6.421069868995633,-1.0,6.421069868995633
132,1000,-1.0,1.56334,0.458,0.0507,0.000176,0.0231,0.000196,0.0,0.0765,0.00221,0.00209,0.341,0.0457,0.000475,0.000214,5.54e-05,0.000103,0.0375,0.017,0.00406,0.00401,0.00641,0.00428,0.0499,0.0128,0.176,0.385,3.4134061135371176,-1.0,3.4134061135371176
132,1100,-1.0,0.84134,0.458,0.0507,0.000176,0.0231,0.000196,0.0,0.0765,0.00221,0.00209,0.341,0.0457,0.000475,0.000214,5.54e-05,0.000103,0.0375,0.017,0.00406,0.00401,0.00641,0.00428,0.0499,0.0128,0.176,0.385,1.8369868995633187,-1.0,1.8369868995633187
132,1200,-1.0,0.453594,0.458,0.0507,0.000176,0.0231,0.000196,0.0,0.0765,0.00221,0.00209,0.341,0.0457,0.000475,0.000214,5.54e-05,0.000103,0.0375,0.017,0.00406,0.00401,0.00641,0.00428,0.0499,0.0128,0.176,0.385,0.9903799126637555,-1.0,0.9903799126637555
132,1300,-1.0,0.271885,0.458,0.0507,0.000176,0.0231,0.000196,0.0,0.0765,0.00221,0.00209,0.341,0.0457,0.000475,0.000214,5.54e-05,0.000103,0.0375,0.017,0.00406,0.00401,0.00641,0.00428,0.0499,0.0128,0.176,0.385,0.5936353711790393,-1.0,0.5936353711790393
132,1400,-1.0,0.161045,0.458,0.0507,0.000176,0.0231,0.000196,0.0,0.0765,0.00221,0.00209,0.341,0.0457,0.000475,0.000214,5.54e-05,0.000103,0.0375,0.017,0.00406,0.00401,0.00641,0.00428,0.0499,0.0128,0.176,0.385,0.3516266375545851,-1.0,0.3516266375545851
132,1500,-1.0,0.0891243,0.458,0.0507,0.000176,0.0231,0.000196,0.0,0.0765,0.00221,0.00209,0.341,0.0457,0.000475,0.000214,5.54e-05,0.000103,0.0375,0.017,0.00406,0.00401,0.00641,0.00428,0.0499,0.0128,0.176,0.385,0.19459454148471617,-1.0,0.19459454148471617
132,1600,-1.0,0.0572119,0.458,0.0507,0.000176,0.0231,0.000196,0.0,0.0765,0.00221,0.00209,0.341,0.0457,0.000475,0.000214,5.54e-05,0.000103,0.0375,0.017,0.00406,0.00401,0.00641,0.00428,0.0499,0.0128,0.176,0.385,0.12491681222707424,-1.0,0.12491681222707424
175,1000,-1.0,0.00257619,0.00617,0.000719,2.49e-06,0.000311,2.63e-06,0.0,0.00181,0.000127,0.000338,0.958,0.0323,0.00033,0.000147,3.71e-05,7.28e-05,0.103,0.046,0.0114,0.0113,0.00454,0.00303,0.14,0.00904,0.451,0.99,0.4175348460291734,-1.0,0.4175348460291734
175,1100,-1.0,0.00115511,0.00617,0.000719,2.49e-06,0.000311,2.63e-06,0.0,0.00181,0.000127,0.000338,0.958,0.0323,0.00033,0.000147,3.71e-05,7.28e-05,0.103,0.046,0.0114,0.0113,0.00454,0.00303,0.14,0.00904,0.451,0.99,0.18721393841166936,-1.0,0.18721393841166936
175,1200,-1.0,0.000518205,0.00617,0.000719,2.49e-06,0.000311,2.63e-06,0.0,0.00181,0.000127,0.000338,0.958,0.0323,0.00033,0.000147,3.71e-05,7.28e-05,0.103,0.046,0.0114,0.0113,0.00454,0.00303,0.14,0.00904,0.451,0.99,0.08398784440842787,-1.0,0.08398784440842787
200,1000,-1.0,0.000946657,0.0024,0.000287,9.95e-07,0.000121,1.02e-06,0.0,0.000926,5.51e-05,0.000175,0.741,0.255,0.00259,0.00115,0.000288,0.000575,0.0889,0.0418,0.00987,0.00873,0.036,0.024,0.108,0.0716,0.461,0.996,0.39444041666666674,-1.0,0.39444041666666674
200,1100,-1.0,0.000372681,0.0024,0.000287,9.95e-07,0.000121,1.02e-06,0.0,0.000926,5.51e-05,0.000175,0.741,0.255,0.00259,0.00115,0.000288,0.000575,0.0889,0.0418,0.00987,0.00873,0.036,0.024,0.108,0.0716,0.461,0.996,0.15528375,-1.0,0.15528375
250,1000,-1.0,0.000354716,0.00102,0.000127,4.42e-07,5.14e-05,4.35e-07,0.0,0.000682,2.47e-05,9.54e-05,0.701,0.297,0.00301,0.00134,0.000334,0.000668,0.0863,0.041,0.00959,0.00826,0.0418,0.0278,0.103,0.0832,0.464,0.998,0.3477607843137254,-1.0,0.3477607843137254
